Men's New Lace Up Casual Work PU Leather Shoes - Black,0 o,No," 4,900"
Big Size Men Glossy Tassel Brogue Leather Shoes-black,3.8,4 ," 9,500 - ₦ 11,700"
Crocodile Pattern Mens Bullock Leather Shoes Oxford Formal Shoes Retro Big Size,0 o,No," 8,700 - ₦ 10,000"
2020 New Children's Shoes Breathable Sport Sneakers,4.1,32," 4,590"
Glowing Shoes For Boys And Girls-Black,4.2,91," 4,940"
Men Breathable Mesh Shoes Loafers Sneakers,0 o,No," 6,549"
Men's New Fashion Professional Work Shoes - White,4.2,42," 7,500"
Varrati 2021 Shoes For Men Dress Leisure Business Casual Leather Shoe With TASSEL- Black,0 o,No," 11,500"
Children's Sports Leather Shoes Boys And Girls Flat Running Shoes White,0 o,No," 6,090"
Men's New Bright Leather Work Business Pointed Toe Shoes,3 o,1 ," 6,990 - ₦ 7,975"
Men Lace-Up Brown Corporate Shoe,4 o,30," 6,500 - ₦ 6,800"
2020 New Children's Shoes Breathable Sport Sneakers,3.9,35," 4,590"
2021  New Children's Shoes Breathable Sport Shoes,4.6,20," 5,190"
Men Breathable Mesh Shoes Loafers Sneakers Formal Shoes,4.2,10," 5,771"
Children's LED Lights Shoes Girls Cartoon Baby Shoes-pink,4.4,16," 4,940"
Men's New Bright Leather Work Business Pointed Toe Shoes,3.8,29," 6,175"
Glowing Shoes For Boys And Girls-Blue,4.1,79," 4,940"
Big Size Mens Formal Slip Ons Leather Business Shoes-Brown,0 o,No," 12,000 - ₦ 13,500"
Men's New Fashion Work Formal  Leather Shoes-Black,2 o,3 ," 7,980"
Youth Men's Low Flat Casual Canvas Shoes-White,5 o,2 ," 4,390 - ₦ 6,312"
2021  New Children's Shoes Breathable Sport Shoes,3.8,11," 4,990"
Varrati New Mens Corporate Oxford Office Shoe With Pin - Black [[ORDER A SIZE LESS]],3.7,7 ," 6,999"
Children's Sports Leather Shoes Boys And Girls Flat Running Shoes Sneaker Yellow,0 o,No," 6,090"
Men's Formal Shoe Handmade Leather Shoes For Business Mens,4.2,12," 12,900"
Work Safety Steel Toe Slip-on Breathable Puncture-proof Shoe,4.6,23," 12,445"
Black Friday Deal Mens Formal Shoes Slip On Business Footwear-Brown,4.4,50," 11,500 - ₦ 13,000"
Men's New Youth All-match Casual Black Leather Shoes,0 o,No," 6,890"
Men's Leather Sandals Leather Shoes- Black,3.6,44," 7,500"
The Children's Place Unisex High Top Rockstar Sneaker,4.5,11," 5,500"
2022 New Children's Shoes Breathable Sport Sneakers,0 o,No," 5,290"
2021  New Children's Shoes Breathable Sport Shoes,0 o,No," 5,900"
Fasfion Men's Business Dress Shoes Pointed Shiny Shoes-black,4.1,90," 5,980"
Varrati Men's Business Dress Casual Shoes Office- Black《ORDER A SIZE LESS》,4 o,4 ," 6,999"
Men's Fashion Anti Slip Flip Flop - Blue,0 o,No," 7,950"
Men Lace-Up Brown Corporate Shoe,4.4,9 ," 6,500 - ₦ 6,800"
Men's New Fashion Large Size Casual Leather Shoes-Black/White,4.4,47," 8,200"
Varratti 2021 Mens Formal Casual Leather Shoes - Black,4.1,24," 9,999 - ₦ 10,999"
2020 New Children's Shoes Breathable Sport Sneakers,4.1,16," 4,590"
The Children's Place Unisex High Top Rockstar Sneaker,4.1,29," 4,500"
Mens Half Shoes Loafers Moccasins Driving Shoes,3.7,3 ," 10,500"
Children's 2020 Fashion Casual Shoes Sports Sneakers,4.6,16," 4,490"
Men's New Fashion Work Formal  Leather Shoes-Black,4 o,36," 6,959"
Big Size 37-47 PU Leather Shoes Men Casual Moccasins-Black,2 o,1 ," 5,200 - ₦ 8,500"
New  Children's Shoes Breathable Sneakers,3.9,32," 3,990"
Mens Soft Loafer Flats Comfy Driving Shoes -Grey,3 o,4 ," 5,600"
2021  New Children's Shoes Breathable Sport Shoes,4.6,5 ," 5,690"
Shoe Rack + Fabric Cover For 24-Pairs  Brown Color,4.4,73," 6,850"
Men's New Fashion Work Formal  Leather Shoes-Black,0 o,No," 7,800"
Mens Cowhide Casual Shoes Business Formal Shoes 38-47-Brown,0 o,No," 11,950 - ₦ 12,950"
Kids Girls Boys Children Jogging Flats Sports Sneakers Shoes,3.3,3 ," 6,999"
Mens Formal Shoes Slip On Business Footwear-Black,0 o,No," 11,800"
2022 New Children's Shoes Breathable Sport Sneakers,0 o,No," 5,290"
Unisex Children's Canvass -Black,4.5,6 ," 4,500"
2020 New Children's Shoes Breathable Sport Sneakers,4.1,16," 4,590"
MEN Shinny PLAIN LACE Shoe BLACK,4 o,17," 6,500"
Italian Mens High Quality Office Shoes Man Wedding Shoes,5 o,1 ," 10,625 - ₦ 11,875"
Trendy  White Lace Up Sporty Canvas-(Unisex),4.8,4 ," 6,900"
Leather Men Formal Shoes Style Loafers Slip-On High Quality Fashion Men Leather Shoes Luxury Brand,3.8,17," 12,000 - ₦ 13,200"
Varrati [NEW] Mens Dress Leisure Shoes Italian Leather Loafers Shoes Black,0 o,No," 12,500"
"Wooden Wardrobe 4 Columns (L205cm, B45cm, H175cm) Blue Color",4 o,32," 20,450"
Men's New Fashion Lace-up Casual Leather Shoes-Black,3.5,33," 6,715"
Varrati Mens Glossy Shinny Leather Coperate Shoe - Black [[ORDER A SIZE LESS]],3 o,4 ," 6,500"
Kid's Sneakers Breathable Mesh Sports Shoes-Black,4 o,3 ," 7,199 - ₦ 8,299"
Children's High-end Sports Shoes Leather Shoes School,4.4,16," 6,999"
Men's New Fashion Work Professional Leather Shoes-White,0 o,No," 7,600 - ₦ 8,600"
New Baby Fashion Sneaker Colorful Light Shoe（GOLD）,0 o,No," 4,999"
Big Size Men Glossy Tassel Brogue Leather Shoes-black,3.6,23," 11,305"
Men's New Work Shoes-black,3.7,46," 8,019 - ₦ 8,450"
Brown Casual / Corporate Loafers Shoe,3 o,2 ," 14,500"
2020 New Children's Shoes Breathable Sport Sneakers,4.1,27," 4,590"
Men Black Suede And Leather Shoe,0 o,No," 14,000 - ₦ 14,500"
Men's Leather Shoes 38-44# EU Cool/Refreshing-Black,0 o,No," 8,800"
Top Quality Mens Shoes Full Grain Leather Business Formal Shoes Elegant Oxford Shoes For Men Brown,3.7,3 ," 12,500 - ₦ 13,900"
Men's New Lace-up Business Working Leather Shoes-Black,4 o,1 ," 6,388"
Unisex Children's Canvass - White,3.6,5 ," 4,100"
Men's New Fashion Work Formal  Leather Shoes-Black Formal Shoes,4.4,7 ," 6,640"
Varrati Mens Corporate Oxford Office Shoe With Suede - Black,4.3,13," 5,999 - ₦ 6,500"
Unisex Soft Sole Baby Shoes (Blue),4 o,2 ," 4,200"
Varrati [NEW] Mens ITALIAN Style Leather Leisure Business Shoe - Black,3.9,9 ," 7,400"
2021  New Children's Shoes Breathable Sport Shoes,5 o,1 ," 5,900"
